,url,hotel_name,address,rating,rating_amount,city
0,https://www.booking.com/hotel/fr/la-fra-c-gate-collioure.fr.html?aid=304142&label=gen173nr-1FCAQoggJCEHNlYXJjaF9jb2xsaW91cmVIDVgEaE2IAQGYAQ24AQrIAQXYAQHoAQH4AQOIAgGoAgO4ArDcgLcGwAIB0gIkMjAyNzkwMzMtM2RlOC00ZmI3LWIzYTQtYWUxNzY0M2JmNGNk2AIF4AIB&ucfs=1&arphpl=1&checkin=2024-04-02&checkout=2024-04-05&group_adults=2&req_adults=2&no_rooms=1&group_children=0&req_children=0&hpos=3&hapos=3&sr_order=popularity&srpvid=035751180efb0488&srepoch=1725967921&from_sustainable_property_sr=1&from=searchresults,La Frégate,"
24 Boulevard Camille Pelletan, 66190 Collioure, France
",8.4,1489,Collioure
1,https://www.booking.com/hotel/fr/madeloc.fr.html?aid=304142&label=gen173nr-1FCAQoggJCEHNlYXJjaF9jb2xsaW91cmVIDVgEaE2IAQGYAQ24AQrIAQXYAQHoAQH4AQOIAgGoAgO4ArDcgLcGwAIB0gIkMjAyNzkwMzMtM2RlOC00ZmI3LWIzYTQtYWUxNzY0M2JmNGNk2AIF4AIB&ucfs=1&arphpl=1&checkin=2024-04-02&checkout=2024-04-05&group_adults=2&req_adults=2&no_rooms=1&group_children=0&req_children=0&hpos=1&hapos=1&sr_order=popularity&srpvid=035751180efb0488&srepoch=1725967921&from_sustainable_property_sr=1&from=searchresults,Le Madeloc Hôtel & Spa,"
24 Rue Romain Rolland, 66190 Collioure, France
",9.0,931,Collioure
2,https://www.booking.com/hotel/fr/residence-port-d-39-avall.fr.html?aid=304142&label=gen173nr-1FCAQoggJCEHNlYXJjaF9jb2xsaW91cmVIDVgEaE2IAQGYAQ24AQrIAQXYAQHoAQH4AQOIAgGoAgO4ArDcgLcGwAIB0gIkMjAyNzkwMzMtM2RlOC00ZmI3LWIzYTQtYWUxNzY0M2JmNGNk2AIF4AIB&ucfs=1&arphpl=1&checkin=2024-04-02&checkout=2024-04-05&group_adults=2&req_adults=2&no_rooms=1&group_children=0&req_children=0&hpos=6&hapos=6&sr_order=popularity&srpvid=035751180efb0488&srepoch=1725967921&from_sustainable_property_sr=1&from=searchresults,"Apartment Olive & Kin, Collioure","
Apt 82,  Residence du Port D'Avall Rue de Coma Cheric, 66190 Collioure, France
",9.1,49,Collioure
3,https://www.booking.com/hotel/fr/les-roches-brunes-collioure.fr.html?aid=304142&label=gen173nr-1FCAQoggJCEHNlYXJjaF9jb2xsaW91cmVIDVgEaE2IAQGYAQ24AQrIAQXYAQHoAQH4AQOIAgGoAgO4ArDcgLcGwAIB0gIkMjAyNzkwMzMtM2RlOC00ZmI3LWIzYTQtYWUxNzY0M2JmNGNk2AIF4AIB&ucfs=1&arphpl=1&checkin=2024-04-02&checkout=2024-04-05&group_adults=2&req_adults=2&no_rooms=1&group_children=0&req_children=0&hpos=4&hapos=4&sr_order=popularity&srpvid=035751180efb0488&srepoch=1725967921&from_sustainable_property_sr=1&from=searchresults,Les Roches Brunes,"
Route de Port-Vendres, 66190 Collioure, France
",9.1,933,Collioure
4,https://www.booking.com/hotel/fr/lesmasdescitronniers.fr.html?aid=304142&label=gen173nr-1FCAQoggJCEHNlYXJjaF9jb2xsaW91cmVIDVgEaE2IAQGYAQ24AQrIAQXYAQHoAQH4AQOIAgGoAgO4ArDcgLcGwAIB0gIkMjAyNzkwMzMtM2RlOC00ZmI3LWIzYTQtYWUxNzY0M2JmNGNk2AIF4AIB&ucfs=1&arphpl=1&checkin=2024-04-02&checkout=2024-04-05&group_adults=2&req_adults=2&no_rooms=1&group_children=0&req_children=0&hpos=2&hapos=2&sr_order=popularity&srpvid=035751180efb0488&srepoch=1725967921&from=searchresults,Le Mas des Citronniers,"
22 Avenue de La Republique, 66190 Collioure, France
",8.3,1450,Collioure
5,https://www.booking.com/hotel/fr/la-chambre-de-salome.fr.html?aid=304142&label=gen173nr-1FCAQoggJCEHNlYXJjaF9jb2xsaW91cmVIDVgEaE2IAQGYAQ24AQrIAQXYAQHoAQH4AQOIAgGoAgO4ArDcgLcGwAIB0gIkMjAyNzkwMzMtM2RlOC00ZmI3LWIzYTQtYWUxNzY0M2JmNGNk2AIF4AIB&ucfs=1&arphpl=1&checkin=2024-04-02&checkout=2024-04-05&group_adults=2&req_adults=2&no_rooms=1&group_children=0&req_children=0&hpos=8&hapos=8&sr_order=popularity&srpvid=035751180efb0488&srepoch=1725967921&from=searchresults,La Chambre De Salome,"
23  Ter Chemin De Consolation, 66190 Collioure, France
",8.8,786,Collioure
6,https://www.booking.com/hotel/fr/app-art-centre-plage-parking-gratuit.fr.html?aid=304142&label=gen173nr-1FCAQoggJCEHNlYXJjaF9jb2xsaW91cmVIDVgEaE2IAQGYAQ24AQrIAQXYAQHoAQH4AQOIAgGoAgO4ArDcgLcGwAIB0gIkMjAyNzkwMzMtM2RlOC00ZmI3LWIzYTQtYWUxNzY0M2JmNGNk2AIF4AIB&ucfs=1&arphpl=1&checkin=2024-04-02&checkout=2024-04-05&group_adults=2&req_adults=2&no_rooms=1&group_children=0&req_children=0&hpos=9&hapos=9&sr_order=popularity&srpvid=035751180efb0488&srepoch=1725967921&from_sustainable_property_sr=1&from=searchresults,APP' ART CENTRE PLAGE + PARKING GRATUIT,"
13 Rue du Coma-Cheric, 66190 Collioure, France
",8.9,101,Collioure
7,https://www.booking.com/hotel/fr/appart-central-collioure.fr.html?aid=304142&label=gen173nr-1FCAQoggJCEHNlYXJjaF9jb2xsaW91cmVIDVgEaE2IAQGYAQ24AQrIAQXYAQHoAQH4AQOIAgGoAgO4ArDcgLcGwAIB0gIkMjAyNzkwMzMtM2RlOC00ZmI3LWIzYTQtYWUxNzY0M2JmNGNk2AIF4AIB&ucfs=1&arphpl=1&checkin=2024-04-02&checkout=2024-04-05&group_adults=2&req_adults=2&no_rooms=1&group_children=0&req_children=0&hpos=12&hapos=12&sr_order=popularity&srpvid=035751180efb0488&srepoch=1725967921&from_sustainable_property_sr=1&from=searchresults,appart central et son parking privatif gratuit,"
32 bis impasse du jardin baretge, 66190 Collioure, France
",9.0,129,Collioure
8,https://www.booking.com/hotel/fr/saphir-collioure1.fr.html?aid=304142&label=gen173nr-1FCAQoggJCEHNlYXJjaF9jb2xsaW91cmVIDVgEaE2IAQGYAQ24AQrIAQXYAQHoAQH4AQOIAgGoAgO4ArDcgLcGwAIB0gIkMjAyNzkwMzMtM2RlOC00ZmI3LWIzYTQtYWUxNzY0M2JmNGNk2AIF4AIB&ucfs=1&arphpl=1&checkin=2024-04-02&checkout=2024-04-05&group_adults=2&req_adults=2&no_rooms=1&group_children=0&req_children=0&hpos=13&hapos=13&sr_order=popularity&srpvid=035751180efb0488&srepoch=1725967921&from=searchresults,SAPHIR - Vue Mer et Montagne - WIFI FIBRE- PISCINE et GARAGE Privé,"
4 Julien Py, 66190 Collioure, France
",9.1,34,Collioure
9,https://www.booking.com/hotel/fr/chambre-d-39-hotes-les-jasmins.fr.html?aid=304142&label=gen173nr-1FCAQoggJCEHNlYXJjaF9jb2xsaW91cmVIDVgEaE2IAQGYAQ24AQrIAQXYAQHoAQH4AQOIAgGoAgO4ArDcgLcGwAIB0gIkMjAyNzkwMzMtM2RlOC00ZmI3LWIzYTQtYWUxNzY0M2JmNGNk2AIF4AIB&ucfs=1&arphpl=1&checkin=2024-04-02&checkout=2024-04-05&group_adults=2&req_adults=2&no_rooms=1&group_children=0&req_children=0&hpos=11&hapos=11&sr_order=popularity&srpvid=035751180efb0488&srepoch=1725967921&from_sustainable_property_sr=1&from=searchresults,Les Jasmins,"
11 impasse de la galère, 66190 Collioure, France
",8.4,534,Collioure
10,https://www.booking.com/hotel/fr/maevabalconsdecollioure.fr.html?aid=304142&label=gen173nr-1FCAQoggJCEHNlYXJjaF9jb2xsaW91cmVIDVgEaE2IAQGYAQ24AQrIAQXYAQHoAQH4AQOIAgGoAgO4ArDcgLcGwAIB0gIkMjAyNzkwMzMtM2RlOC00ZmI3LWIzYTQtYWUxNzY0M2JmNGNk2AIF4AIB&ucfs=1&arphpl=1&checkin=2024-04-02&checkout=2024-04-05&group_adults=2&req_adults=2&no_rooms=1&group_children=0&req_children=0&hpos=10&hapos=10&sr_order=popularity&srpvid=035751180efb0488&srepoch=1725967921&from=searchresults,Residence Pierre & Vacances Les Balcons de Collioure,"
28, route de Port Vendres, 66190 Collioure, France
",8.0,589,Collioure
11,https://www.booking.com/hotel/fr/roches-bleues-2rb525.fr.html?aid=304142&label=gen173nr-1FCAQoggJCEHNlYXJjaF9jb2xsaW91cmVIDVgEaE2IAQGYAQ24AQrIAQXYAQHoAQH4AQOIAgGoAgO4ArDcgLcGwAIB0gIkMjAyNzkwMzMtM2RlOC00ZmI3LWIzYTQtYWUxNzY0M2JmNGNk2AIF4AIB&ucfs=1&arphpl=1&checkin=2024-04-02&checkout=2024-04-05&group_adults=2&req_adults=2&no_rooms=1&group_children=0&req_children=0&hpos=17&hapos=17&sr_order=popularity&srpvid=035751180efb0488&srepoch=1725967921&from=searchresults,2RB38A Appartement vue sur mer et proche plage,"
Résidence Les Roches bleues Route de Port-Vendres, 66190 Collioure, France
",7.3,18,Collioure
12,https://www.booking.com/hotel/fr/la-bona-casa.fr.html?aid=304142&label=gen173nr-1FCAQoggJCEHNlYXJjaF9jb2xsaW91cmVIDVgEaE2IAQGYAQ24AQrIAQXYAQHoAQH4AQOIAgGoAgO4ArDcgLcGwAIB0gIkMjAyNzkwMzMtM2RlOC00ZmI3LWIzYTQtYWUxNzY0M2JmNGNk2AIF4AIB&ucfs=1&arphpl=1&checkin=2024-04-02&checkout=2024-04-05&group_adults=2&req_adults=2&no_rooms=1&group_children=0&req_children=0&hpos=18&hapos=18&sr_order=popularity&srpvid=035751180efb0488&srepoch=1725967921&from=searchresults,Hôtel la Bona Casa,"
20 Rue de la Republique, 66190 Collioure, France
",8.6,1394,Collioure
13,https://www.booking.com/hotel/fr/appartement-vue-mer-les-pieds-dans-l-eau.fr.html?aid=304142&label=gen173nr-1FCAQoggJCEHNlYXJjaF9jb2xsaW91cmVIDVgEaE2IAQGYAQ24AQrIAQXYAQHoAQH4AQOIAgGoAgO4ArDcgLcGwAIB0gIkMjAyNzkwMzMtM2RlOC00ZmI3LWIzYTQtYWUxNzY0M2JmNGNk2AIF4AIB&ucfs=1&arphpl=1&checkin=2024-04-02&checkout=2024-04-05&group_adults=2&req_adults=2&no_rooms=1&group_children=0&req_children=0&hpos=15&hapos=15&sr_order=popularity&srpvid=035751180efb0488&srepoch=1725967921&from=searchresults,Appartement vue mer les pieds dans l'eau,"
Résidence les Roches Bleues Bat B Appartement 52, 66190 Collioure, France
",8.9,42,Collioure
14,https://www.booking.com/hotel/fr/lou-mazet-bormes-les-mimosas.fr.html?aid=304142&label=gen173nr-1FCAQoggJCGXNlYXJjaF9ib3JtZXMgbGVzIG1pbW9zYXNIDVgEaE2IAQGYAQ24AQrIAQXYAQHoAQH4AQOIAgGoAgO4ArDcgLcGwAIB0gIkNGExMDNmYWYtZGM2Mi00ZGMzLTg4MmUtNWU1ZTU1ODIxNzk32AIF4AIB&ucfs=1&arphpl=1&checkin=2024-04-02&checkout=2024-04-05&group_adults=2&req_adults=2&no_rooms=1&group_children=0&req_children=0&hpos=1&hapos=1&sr_order=popularity&srpvid=440751187f7c01f9&srepoch=1725967921&from=searchresults,Les deux mas,"
les deux mas 59 Rue des Hortensias, 83230 Bormes-les-Mimosas, France
",9.1,89,Bormes%20les%20Mimosas
15,https://www.booking.com/hotel/fr/studio-vue-mer-garage.fr.html?aid=304142&label=gen173nr-1FCAQoggJCEHNlYXJjaF9jb2xsaW91cmVIDVgEaE2IAQGYAQ24AQrIAQXYAQHoAQH4AQOIAgGoAgO4ArDcgLcGwAIB0gIkMjAyNzkwMzMtM2RlOC00ZmI3LWIzYTQtYWUxNzY0M2JmNGNk2AIF4AIB&ucfs=1&arphpl=1&checkin=2024-04-02&checkout=2024-04-05&group_adults=2&req_adults=2&no_rooms=1&group_children=0&req_children=0&hpos=19&hapos=19&sr_order=popularity&srpvid=035751180efb0488&srepoch=1725967921&from=searchresults,studio vue mer garage,"
Résidence La Mirande d'Ambeille, 66190 Collioure, France
",8.5,2,Collioure
16,https://www.booking.com/hotel/fr/cmaping-clau-mar-jo.fr.html?aid=304142&label=gen173nr-1FCAQoggJCGXNlYXJjaF9ib3JtZXMgbGVzIG1pbW9zYXNIDVgEaE2IAQGYAQ24AQrIAQXYAQHoAQH4AQOIAgGoAgO4ArDcgLcGwAIB0gIkNGExMDNmYWYtZGM2Mi00ZGMzLTg4MmUtNWU1ZTU1ODIxNzk32AIF4AIB&ucfs=1&arphpl=1&checkin=2024-04-02&checkout=2024-04-05&group_adults=2&req_adults=2&no_rooms=1&group_children=0&req_children=0&hpos=2&hapos=2&sr_order=popularity&srpvid=440751187f7c01f9&srepoch=1725967921&from=searchresults,Camping Clau Mar Jo,"
895 Chemin de Benat, 83230 Bormes-les-Mimosas, France
",7.9,327,Bormes%20les%20Mimosas
17,https://www.booking.com/hotel/fr/joli-t2-vue-mer-au-calme.fr.html?aid=304142&label=gen173nr-1FCAQoggJCEHNlYXJjaF9jb2xsaW91cmVIDVgEaE2IAQGYAQ24AQrIAQXYAQHoAQH4AQOIAgGoAgO4ArDcgLcGwAIB0gIkMjAyNzkwMzMtM2RlOC00ZmI3LWIzYTQtYWUxNzY0M2JmNGNk2AIF4AIB&ucfs=1&arphpl=1&checkin=2024-04-02&checkout=2024-04-05&group_adults=2&req_adults=2&no_rooms=1&group_children=0&req_children=0&hpos=14&hapos=14&sr_order=popularity&srpvid=035751180efb0488&srepoch=1725967921&from=searchresults,Joli T2 vue mer au calme.,"
13 15 Rue de Taillefer, 66190 Collioure, France
",8.8,12,Collioure
18,https://www.booking.com/hotel/fr/joli-2-pieces-avec-parking-gratuit-sur-place.fr.html?aid=304142&label=gen173nr-1FCAQoggJCGXNlYXJjaF9ib3JtZXMgbGVzIG1pbW9zYXNIDVgEaE2IAQGYAQ24AQrIAQXYAQHoAQH4AQOIAgGoAgO4ArDcgLcGwAIB0gIkNGExMDNmYWYtZGM2Mi00ZGMzLTg4MmUtNWU1ZTU1ODIxNzk32AIF4AIB&ucfs=1&arphpl=1&checkin=2024-04-02&checkout=2024-04-05&group_adults=2&req_adults=2&no_rooms=1&group_children=0&req_children=0&hpos=3&hapos=3&sr_order=popularity&srpvid=440751187f7c01f9&srepoch=1725967921&from=searchresults,Bel appartement classé 3 étoiles,"
100 Boulevard du Mont des Roses, 83230 Bormes-les-Mimosas, France
",9.6,31,Bormes%20les%20Mimosas
19,https://www.booking.com/hotel/fr/studio-figuier-bormes-les-mimosas.fr.html?aid=304142&label=gen173nr-1FCAQoggJCGXNlYXJjaF9ib3JtZXMgbGVzIG1pbW9zYXNIDVgEaE2IAQGYAQ24AQrIAQXYAQHoAQH4AQOIAgGoAgO4ArDcgLcGwAIB0gIkNGExMDNmYWYtZGM2Mi00ZGMzLTg4MmUtNWU1ZTU1ODIxNzk32AIF4AIB&ucfs=1&arphpl=1&checkin=2024-04-02&checkout=2024-04-05&group_adults=2&req_adults=2&no_rooms=1&group_children=0&req_children=0&hpos=4&hapos=4&sr_order=popularity&srpvid=440751187f7c01f9&srepoch=1725967921&from=searchresults,Cosy studio - Place du Figuier,"
Ruelle des Glycines, 83230 Bormes-les-Mimosas, France
",9.7,10,Bormes%20les%20Mimosas
20,https://www.booking.com/hotel/fr/studio-cabine-les-rives-de-la-faviere.fr.html?aid=304142&label=gen173nr-1FCAQoggJCGXNlYXJjaF9ib3JtZXMgbGVzIG1pbW9zYXNIDVgEaE2IAQGYAQ24AQrIAQXYAQHoAQH4AQOIAgGoAgO4ArDcgLcGwAIB0gIkNGExMDNmYWYtZGM2Mi00ZGMzLTg4MmUtNWU1ZTU1ODIxNzk32AIF4AIB&ucfs=1&arphpl=1&checkin=2024-04-02&checkout=2024-04-05&group_adults=2&req_adults=2&no_rooms=1&group_children=0&req_children=0&hpos=5&hapos=5&sr_order=popularity&srpvid=440751187f7c01f9&srepoch=1725967921&from=searchresults,Studio cabine Les Rives de la Favière piscine et tennis les pieds dans l'eau,"
Résidence les Rives de la Favière, 83230 Bormes-les-Mimosas, France
",7.9,56,Bormes%20les%20Mimosas
21,https://www.booking.com/hotel/fr/bormes-le-loft.fr.html?aid=304142&label=gen173nr-1FCAQoggJCGXNlYXJjaF9ib3JtZXMgbGVzIG1pbW9zYXNIDVgEaE2IAQGYAQ24AQrIAQXYAQHoAQH4AQOIAgGoAgO4ArDcgLcGwAIB0gIkNGExMDNmYWYtZGM2Mi00ZGMzLTg4MmUtNWU1ZTU1ODIxNzk32AIF4AIB&ucfs=1&arphpl=1&checkin=2024-04-02&checkout=2024-04-05&group_adults=2&req_adults=2&no_rooms=1&group_children=0&req_children=0&hpos=7&hapos=7&sr_order=popularity&srpvid=440751187f7c01f9&srepoch=1725967921&from_sustainable_property_sr=1&from=searchresults,Bormes - Le Loft,"
101 Rue Carnot, 83230 Bormes-les-Mimosas, France
",8.9,15,Bormes%20les%20Mimosas
22,https://www.booking.com/hotel/fr/face-mer-entre-plage-et-marina.fr.html?aid=304142&label=gen173nr-1FCAQoggJCGXNlYXJjaF9ib3JtZXMgbGVzIG1pbW9zYXNIDVgEaE2IAQGYAQ24AQrIAQXYAQHoAQH4AQOIAgGoAgO4ArDcgLcGwAIB0gIkNGExMDNmYWYtZGM2Mi00ZGMzLTg4MmUtNWU1ZTU1ODIxNzk32AIF4AIB&ucfs=1&arphpl=1&checkin=2024-04-02&checkout=2024-04-05&group_adults=2&req_adults=2&no_rooms=1&group_children=0&req_children=0&hpos=8&hapos=8&sr_order=popularity&srpvid=440751187f7c01f9&srepoch=1725967921&from=searchresults,FACE MER ENTRE PLAGE ET MARINA,"
Boulevard du port, résidence l'esquilette, entrée le courlis, 83230 Bormes-les-Mimosas, France
",8.7,22,Bormes%20les%20Mimosas
23,https://www.booking.com/hotel/fr/paradis.fr.html?aid=304142&label=gen173nr-1FCAQoggJCGXNlYXJjaF9ib3JtZXMgbGVzIG1pbW9zYXNIDVgEaE2IAQGYAQ24AQrIAQXYAQHoAQH4AQOIAgGoAgO4ArDcgLcGwAIB0gIkNGExMDNmYWYtZGM2Mi00ZGMzLTg4MmUtNWU1ZTU1ODIxNzk32AIF4AIB&ucfs=1&arphpl=1&checkin=2024-04-02&checkout=2024-04-05&group_adults=2&req_adults=2&no_rooms=1&group_children=0&req_children=0&hpos=6&hapos=6&sr_order=popularity&srpvid=440751187f7c01f9&srepoch=1725967921&from_sustainable_property_sr=1&from=searchresults,Hôtel Paradis,"
62 Impasse du Castellan, 83230 Bormes-les-Mimosas, France
",8.5,830,Bormes%20les%20Mimosas
24,https://www.booking.com/hotel/fr/les-terrasses-de-lo.fr.html?aid=304142&label=gen173nr-1FCAQoggJCGXNlYXJjaF9ib3JtZXMgbGVzIG1pbW9zYXNIDVgEaE2IAQGYAQ24AQrIAQXYAQHoAQH4AQOIAgGoAgO4ArDcgLcGwAIB0gIkNGExMDNmYWYtZGM2Mi00ZGMzLTg4MmUtNWU1ZTU1ODIxNzk32AIF4AIB&ucfs=1&arphpl=1&checkin=2024-04-02&checkout=2024-04-05&group_adults=2&req_adults=2&no_rooms=1&group_children=0&req_children=0&hpos=10&hapos=10&sr_order=popularity&srpvid=440751187f7c01f9&srepoch=1725967921&from_sustainable_property_sr=1&from=searchresults,Les Terrasses de Lô,"
125 Rue Lei Roucas où Souleou, 83230 Bormes-les-Mimosas, France
",9.5,65,Bormes%20les%20Mimosas
25,https://www.booking.com/hotel/fr/village-vacances-la-manne.fr.html?aid=304142&label=gen173nr-1FCAQoggJCGXNlYXJjaF9ib3JtZXMgbGVzIG1pbW9zYXNIDVgEaE2IAQGYAQ24AQrIAQXYAQHoAQH4AQOIAgGoAgO4ArDcgLcGwAIB0gIkNGExMDNmYWYtZGM2Mi00ZGMzLTg4MmUtNWU1ZTU1ODIxNzk32AIF4AIB&ucfs=1&arphpl=1&checkin=2024-04-02&checkout=2024-04-05&group_adults=2&req_adults=2&no_rooms=1&group_children=0&req_children=0&hpos=9&hapos=9&sr_order=popularity&srpvid=440751187f7c01f9&srepoch=1725967921&from=searchresults,Village Vacances La Manne,"
1329 Route de Cabasson, 83230 Bormes-les-Mimosas, France
",7.2,127,Bormes%20les%20Mimosas
26,https://www.booking.com/hotel/fr/hotel-la-voile-fr.fr.html?aid=304142&label=gen173nr-1FCAQoggJCGXNlYXJjaF9ib3JtZXMgbGVzIG1pbW9zYXNIDVgEaE2IAQGYAQ24AQrIAQXYAQHoAQH4AQOIAgGoAgO4ArDcgLcGwAIB0gIkNGExMDNmYWYtZGM2Mi00ZGMzLTg4MmUtNWU1ZTU1ODIxNzk32AIF4AIB&ucfs=1&arphpl=1&checkin=2024-04-02&checkout=2024-04-05&group_adults=2&req_adults=2&no_rooms=1&group_children=0&req_children=0&hpos=11&hapos=11&sr_order=popularity&srpvid=440751187f7c01f9&srepoch=1725967921&from_sustainable_property_sr=1&from=searchresults,Hotel La Voile,"
165 Avenue Des Girelles - La Favière, 83230 Bormes-les-Mimosas, France
",8.6,319,Bormes%20les%20Mimosas
27,https://www.booking.com/hotel/fr/la-recampado-bormes-les-mimosas.fr.html?aid=304142&label=gen173nr-1FCAQoggJCGXNlYXJjaF9ib3JtZXMgbGVzIG1pbW9zYXNIDVgEaE2IAQGYAQ24AQrIAQXYAQHoAQH4AQOIAgGoAgO4ArDcgLcGwAIB0gIkNGExMDNmYWYtZGM2Mi00ZGMzLTg4MmUtNWU1ZTU1ODIxNzk32AIF4AIB&ucfs=1&arphpl=1&checkin=2024-04-02&checkout=2024-04-05&group_adults=2&req_adults=2&no_rooms=1&group_children=0&req_children=0&hpos=12&hapos=12&sr_order=popularity&srpvid=440751187f7c01f9&srepoch=1725967921&from=searchresults,La Recampado,"
27 Rue Rompi Cuou, 83230 Bormes-les-Mimosas, France
",9.6,29,Bormes%20les%20Mimosas
28,https://www.booking.com/hotel/fr/restaurant-bellevue.fr.html?aid=304142&label=gen173nr-1FCAQoggJCGXNlYXJjaF9ib3JtZXMgbGVzIG1pbW9zYXNIDVgEaE2IAQGYAQ24AQrIAQXYAQHoAQH4AQOIAgGoAgO4ArDcgLcGwAIB0gIkNGExMDNmYWYtZGM2Mi00ZGMzLTg4MmUtNWU1ZTU1ODIxNzk32AIF4AIB&ucfs=1&arphpl=1&checkin=2024-04-02&checkout=2024-04-05&group_adults=2&req_adults=2&no_rooms=1&group_children=0&req_children=0&hpos=13&hapos=13&sr_order=popularity&srpvid=440751187f7c01f9&srepoch=1725967921&from=searchresults,Hotel Restaurant Bellevue,"
14 place Gambetta, 83230 Bormes-les-Mimosas, France
",7.4,595,Bormes%20les%20Mimosas
29,https://www.booking.com/hotel/fr/studio-cosy-climatise-place-de-parking-a-la-faviere.fr.html?aid=304142&label=gen173nr-1FCAQoggJCGXNlYXJjaF9ib3JtZXMgbGVzIG1pbW9zYXNIDVgEaE2IAQGYAQ24AQrIAQXYAQHoAQH4AQOIAgGoAgO4ArDcgLcGwAIB0gIkNGExMDNmYWYtZGM2Mi00ZGMzLTg4MmUtNWU1ZTU1ODIxNzk32AIF4AIB&ucfs=1&arphpl=1&checkin=2024-04-02&checkout=2024-04-05&group_adults=2&req_adults=2&no_rooms=1&group_children=0&req_children=0&hpos=14&hapos=14&sr_order=popularity&srpvid=440751187f7c01f9&srepoch=1725967921&from=searchresults,Studio climatisé avec une place de parking et classé 2 étoiles à la Faviére,"
Le côte d'azur 3, 515 avenue de la mer, 83230 Bormes-les-Mimosas, France
",9.2,13,Bormes%20les%20Mimosas
30,https://www.booking.com/hotel/fr/le-petit-atelier-bormes-les-mimosas1234567891011121314151617.fr.html?aid=304142&label=gen173nr-1FCAQoggJCGXNlYXJjaF9ib3JtZXMgbGVzIG1pbW9zYXNIDVgEaE2IAQGYAQ24AQrIAQXYAQHoAQH4AQOIAgGoAgO4ArDcgLcGwAIB0gIkNGExMDNmYWYtZGM2Mi00ZGMzLTg4MmUtNWU1ZTU1ODIxNzk32AIF4AIB&ucfs=1&arphpl=1&checkin=2024-04-02&checkout=2024-04-05&group_adults=2&req_adults=2&no_rooms=1&group_children=0&req_children=0&hpos=18&hapos=18&sr_order=popularity&srpvid=440751187f7c01f9&srepoch=1725967921&from_sustainable_property_sr=1&from=searchresults,Le petit atelier,"
34 Chemin de la Bergerie, 83230 Bormes-les-Mimosas, France
",9.0,131,Bormes%20les%20Mimosas
31,https://www.booking.com/hotel/fr/studio-lumineux-rue-du-corsaire.fr.html?aid=304142&label=gen173nr-1FCAQoggJCGXNlYXJjaF9ib3JtZXMgbGVzIG1pbW9zYXNIDVgEaE2IAQGYAQ24AQrIAQXYAQHoAQH4AQOIAgGoAgO4ArDcgLcGwAIB0gIkNGExMDNmYWYtZGM2Mi00ZGMzLTg4MmUtNWU1ZTU1ODIxNzk32AIF4AIB&ucfs=1&arphpl=1&checkin=2024-04-02&checkout=2024-04-05&group_adults=2&req_adults=2&no_rooms=1&group_children=0&req_children=0&hpos=16&hapos=16&sr_order=popularity&srpvid=440751187f7c01f9&srepoch=1725967921&from=searchresults,Studio lumineux - rue du Corsaire,"
12 Rue du Corsaire Mourdeille, 83230 Bormes-les-Mimosas, France
",9.3,3,Bormes%20les%20Mimosas
32,https://www.booking.com/hotel/fr/studio-meuble-bord-de-mer-bormes-les-mimosas.fr.html?aid=304142&label=gen173nr-1FCAQoggJCGXNlYXJjaF9ib3JtZXMgbGVzIG1pbW9zYXNIDVgEaE2IAQGYAQ24AQrIAQXYAQHoAQH4AQOIAgGoAgO4ArDcgLcGwAIB0gIkNGExMDNmYWYtZGM2Mi00ZGMzLTg4MmUtNWU1ZTU1ODIxNzk32AIF4AIB&ucfs=1&arphpl=1&checkin=2024-04-02&checkout=2024-04-05&group_adults=2&req_adults=2&no_rooms=1&group_children=0&req_children=0&hpos=17&hapos=17&sr_order=popularity&srpvid=440751187f7c01f9&srepoch=1725967921&from=searchresults,Studio meuble bord de mer,"
160 Avenue de la Mer, 83230 Bormes-les-Mimosas, France
",7.7,7,Bormes%20les%20Mimosas
33,https://www.booking.com/hotel/fr/les-gites-de-beille.fr.html?aid=304142&label=gen173nr-1FCAQoggJCDXNlYXJjaF9hcmllZ2VIDVgEaE2IAQGYAQ24AQrIAQXYAQHoAQH4AQOIAgGoAgO4ArDcgLcGwAIB0gIkMDY5Y2U0MmUtZmY1Yy00ODczLWI1YTItOGE1YjMwMjhkYTll2AIF4AIB&ucfs=1&arphpl=1&checkin=2024-04-02&checkout=2024-04-05&group_adults=2&req_adults=2&no_rooms=1&group_children=0&req_children=0&hpos=1&hapos=1&sr_order=popularity&srpvid=eaf051185d300929&srepoch=1725967921&from_sustainable_property_sr=1&from=searchresults,Les gîtes de Beille,"
25 Quartier la Bexane, 09310 Les Cabannes, France
",8.1,415,Ariege
34,https://www.booking.com/hotel/fr/voir-les-photos-presentationemplacementcommentairesl-39-hote-2-pieces-35m2-borme.fr.html?aid=304142&label=gen173nr-1FCAQoggJCGXNlYXJjaF9ib3JtZXMgbGVzIG1pbW9zYXNIDVgEaE2IAQGYAQ24AQrIAQXYAQHoAQH4AQOIAgGoAgO4ArDcgLcGwAIB0gIkNGExMDNmYWYtZGM2Mi00ZGMzLTg4MmUtNWU1ZTU1ODIxNzk32AIF4AIB&ucfs=1&arphpl=1&checkin=2024-04-02&checkout=2024-04-05&group_adults=2&req_adults=2&no_rooms=1&group_children=0&req_children=0&hpos=19&hapos=19&sr_order=popularity&srpvid=440751187f7c01f9&srepoch=1725967921&from=searchresults,Superbe Duplex 35m2 vue mer avec piscine,"
27 1575 Route des Lavandières, 83230 Bormes-les-Mimosas, France
",8.4,86,Bormes%20les%20Mimosas
35,https://www.booking.com/hotel/fr/bright-29m-with-nice-view-in-bormes-les-mimosas.fr.html?aid=304142&label=gen173nr-1FCAQoggJCGXNlYXJjaF9ib3JtZXMgbGVzIG1pbW9zYXNIDVgEaE2IAQGYAQ24AQrIAQXYAQHoAQH4AQOIAgGoAgO4ArDcgLcGwAIB0gIkNGExMDNmYWYtZGM2Mi00ZGMzLTg4MmUtNWU1ZTU1ODIxNzk32AIF4AIB&ucfs=1&arphpl=1&checkin=2024-04-02&checkout=2024-04-05&group_adults=2&req_adults=2&no_rooms=1&group_children=0&req_children=0&hpos=15&hapos=15&sr_order=popularity&srpvid=440751187f7c01f9&srepoch=1725967921&from=searchresults,Bright 29m with nice view in Bormes-les-mimosas,"
6 Place du Mûrier, 83230 Bormes-les-Mimosas, France
",7.9,18,Bormes%20les%20Mimosas
36,https://www.booking.com/hotel/fr/le-petit-nid-montgaillard.fr.html?aid=304142&label=gen173nr-1FCAQoggJCDXNlYXJjaF9hcmllZ2VIDVgEaE2IAQGYAQ24AQrIAQXYAQHoAQH4AQOIAgGoAgO4ArDcgLcGwAIB0gIkMDY5Y2U0MmUtZmY1Yy00ODczLWI1YTItOGE1YjMwMjhkYTll2AIF4AIB&ucfs=1&arphpl=1&checkin=2024-04-02&checkout=2024-04-05&group_adults=2&req_adults=2&no_rooms=1&group_children=0&req_children=0&hpos=2&hapos=2&sr_order=popularity&srpvid=eaf051185d300929&srepoch=1725967921&from_sustainable_property_sr=1&from=searchresults,Le petit nid,"
RDC 1 Rue de la Place, 09330 Montgaillard, France
",9.1,56,Ariege
37,https://www.booking.com/hotel/fr/demeure-de-la-carmine.fr.html?aid=304142&label=gen173nr-1FCAQoggJCDXNlYXJjaF9hcmllZ2VIDVgEaE2IAQGYAQ24AQrIAQXYAQHoAQH4AQOIAgGoAgO4ArDcgLcGwAIB0gIkMDY5Y2U0MmUtZmY1Yy00ODczLWI1YTItOGE1YjMwMjhkYTll2AIF4AIB&ucfs=1&arphpl=1&checkin=2024-04-02&checkout=2024-04-05&group_adults=2&req_adults=2&no_rooms=1&group_children=0&req_children=0&hpos=3&hapos=3&sr_order=popularity&srpvid=eaf051185d300929&srepoch=1725967921&from_sustainable_property_sr=1&from=searchresults,"Demeure de la Carmine, sejour bien-etre d'exception, piscine, hammam, champagne","
2 chemin de la mestrise, 09500 Mirepoix, France
",9.6,170,Ariege
38,https://www.booking.com/hotel/fr/chambre-d-hotes-cantariege.fr.html?aid=304142&label=gen173nr-1FCAQoggJCDXNlYXJjaF9hcmllZ2VIDVgEaE2IAQGYAQ24AQrIAQXYAQHoAQH4AQOIAgGoAgO4ArDcgLcGwAIB0gIkMDY5Y2U0MmUtZmY1Yy00ODczLWI1YTItOGE1YjMwMjhkYTll2AIF4AIB&ucfs=1&arphpl=1&checkin=2024-04-02&checkout=2024-04-05&group_adults=2&req_adults=2&no_rooms=1&group_children=0&req_children=0&hpos=5&hapos=5&sr_order=popularity&srpvid=eaf051185d300929&srepoch=1725967921&from=searchresults,Chambre d'Hôtes La Bourdasse,"
Chambre d'Hôtes La Bourdasse - 1720 Route de Crampagna , 09120 Loubens, France
",9.5,47,Ariege
39,https://www.booking.com/hotel/fr/hotel-balladins-foix-confort.fr.html?aid=304142&label=gen173nr-1FCAQoggJCDXNlYXJjaF9hcmllZ2VIDVgEaE2IAQGYAQ24AQrIAQXYAQHoAQH4AQOIAgGoAgO4ArDcgLcGwAIB0gIkMDY5Y2U0MmUtZmY1Yy00ODczLWI1YTItOGE1YjMwMjhkYTll2AIF4AIB&ucfs=1&arphpl=1&checkin=2024-04-02&checkout=2024-04-05&group_adults=2&req_adults=2&no_rooms=1&group_children=0&req_children=0&hpos=4&hapos=4&sr_order=popularity&srpvid=eaf051185d300929&srepoch=1725967921&from_sustainable_property_sr=1&from=searchresults,Brit Hotel Confort Foix,"
Z.A. Nord, 09000 Foix, France
",8.1,1424,Ariege
40,https://www.booking.com/hotel/fr/chalet-bois-au-milieu-des-pyrenees.fr.html?aid=304142&label=gen173nr-1FCAQoggJCDXNlYXJjaF9hcmllZ2VIDVgEaE2IAQGYAQ24AQrIAQXYAQHoAQH4AQOIAgGoAgO4ArDcgLcGwAIB0gIkMDY5Y2U0MmUtZmY1Yy00ODczLWI1YTItOGE1YjMwMjhkYTll2AIF4AIB&ucfs=1&arphpl=1&checkin=2024-04-02&checkout=2024-04-05&group_adults=2&req_adults=2&no_rooms=1&group_children=0&req_children=0&hpos=7&hapos=7&sr_order=popularity&srpvid=eaf051185d300929&srepoch=1725967921&from=searchresults,Chalet bois au milieu des Pyrénées,"
3 Las Planos, 09390 LʼHospitalet-près-lʼAndorre, France
",8.9,180,Ariege
41,https://www.booking.com/hotel/fr/maison-au-calme-sur-les-hauteurs-d-ax-les-thermes.fr.html?aid=304142&label=gen173nr-1FCAQoggJCDXNlYXJjaF9hcmllZ2VIDVgEaE2IAQGYAQ24AQrIAQXYAQHoAQH4AQOIAgGoAgO4ArDcgLcGwAIB0gIkMDY5Y2U0MmUtZmY1Yy00ODczLWI1YTItOGE1YjMwMjhkYTll2AIF4AIB&ucfs=1&arphpl=1&checkin=2024-04-02&checkout=2024-04-05&group_adults=2&req_adults=2&no_rooms=1&group_children=0&req_children=0&hpos=6&hapos=6&sr_order=popularity&srpvid=eaf051185d300929&srepoch=1725967921&from_sustainable_property_sr=1&from=searchresults,Chalet en Castel,"
16 Route de bonascre, 09110 Ax-les-Thermes, France
",9.3,90,Ariege
42,https://www.booking.com/hotel/fr/le-roof-studio-aux-4-logis-petit-dejeuner-inclus-1ere-nuit.fr.html?aid=304142&label=gen173nr-1FCAQoggJCDXNlYXJjaF9hcmllZ2VIDVgEaE2IAQGYAQ24AQrIAQXYAQHoAQH4AQOIAgGoAgO4ArDcgLcGwAIB0gIkMDY5Y2U0MmUtZmY1Yy00ODczLWI1YTItOGE1YjMwMjhkYTll2AIF4AIB&ucfs=1&arphpl=1&checkin=2024-04-02&checkout=2024-04-05&group_adults=2&req_adults=2&no_rooms=1&group_children=0&req_children=0&hpos=9&hapos=9&sr_order=popularity&srpvid=eaf051185d300929&srepoch=1725967921&from_sustainable_property_sr=1&from=searchresults,Studio Le Roof - Une vue splendide - Petit déjeuner inclus 1ère nuit - AUX 4 LOGIS,"
4 Rue Sainte-Rapine, deuxième étage, 09000 Foix, France
",9.0,120,Ariege
43,https://www.booking.com/hotel/fr/appartement-fontargente.fr.html?aid=304142&label=gen173nr-1FCAQoggJCDXNlYXJjaF9hcmllZ2VIDVgEaE2IAQGYAQ24AQrIAQXYAQHoAQH4AQOIAgGoAgO4ArDcgLcGwAIB0gIkMDY5Y2U0MmUtZmY1Yy00ODczLWI1YTItOGE1YjMwMjhkYTll2AIF4AIB&ucfs=1&arphpl=1&checkin=2024-04-02&checkout=2024-04-05&group_adults=2&req_adults=2&no_rooms=1&group_children=0&req_children=0&hpos=11&hapos=11&sr_order=popularity&srpvid=eaf051185d300929&srepoch=1725967921&from_sustainable_property_sr=1&from=searchresults,Appartement Fontargente,"
premier étage 19 Avenue Docteur François Gomma, 09110 Ax-les-Thermes, France
",9.2,65,Ariege
44,https://www.booking.com/hotel/fr/les-jardins-de-clelia.fr.html?aid=304142&label=gen173nr-1FCAQoggJCDXNlYXJjaF9hcmllZ2VIDVgEaE2IAQGYAQ24AQrIAQXYAQHoAQH4AQOIAgGoAgO4ArDcgLcGwAIB0gIkMDY5Y2U0MmUtZmY1Yy00ODczLWI1YTItOGE1YjMwMjhkYTll2AIF4AIB&ucfs=1&arphpl=1&checkin=2024-04-02&checkout=2024-04-05&group_adults=2&req_adults=2&no_rooms=1&group_children=0&req_children=0&hpos=10&hapos=10&sr_order=popularity&srpvid=eaf051185d300929&srepoch=1725967921&from_sustainable_property_sr=1&from=searchresults,Les appartements de Clélia,"
18 route de bonascre, 09110 Ax-les-Thermes, France
",9.5,114,Ariege
45,https://www.booking.com/hotel/fr/malepere.fr.html?aid=304142&label=gen173nr-1FCAQoggJCDXNlYXJjaF9hcmllZ2VIDVgEaE2IAQGYAQ24AQrIAQXYAQHoAQH4AQOIAgGoAgO4ArDcgLcGwAIB0gIkMDY5Y2U0MmUtZmY1Yy00ODczLWI1YTItOGE1YjMwMjhkYTll2AIF4AIB&ucfs=1&arphpl=1&checkin=2024-04-02&checkout=2024-04-05&group_adults=2&req_adults=2&no_rooms=1&group_children=0&req_children=0&hpos=12&hapos=12&sr_order=popularity&srpvid=eaf051185d300929&srepoch=1725967921&from_sustainable_property_sr=1&from=searchresults,Malepère,"
Hameau de Montcabirol, 09500 La Bastide-de-Bousignac, France
",9.2,41,Ariege
46,https://www.booking.com/hotel/fr/domaine-de-garabaud.fr.html?aid=304142&label=gen173nr-1FCAQoggJCDXNlYXJjaF9hcmllZ2VIDVgEaE2IAQGYAQ24AQrIAQXYAQHoAQH4AQOIAgGoAgO4ArDcgLcGwAIB0gIkMDY5Y2U0MmUtZmY1Yy00ODczLWI1YTItOGE1YjMwMjhkYTll2AIF4AIB&ucfs=1&arphpl=1&checkin=2024-04-02&checkout=2024-04-05&group_adults=2&req_adults=2&no_rooms=1&group_children=0&req_children=0&hpos=14&hapos=14&sr_order=popularity&srpvid=eaf051185d300929&srepoch=1725967921&from_sustainable_property_sr=1&from=searchresults,Domaine de Garabaud,"
913 Garabaud, 09270 Mazères, France
",8.3,275,Ariege
47,https://www.booking.com/hotel/fr/la-grange-carla-de-roquefort.fr.html?aid=304142&label=gen173nr-1FCAQoggJCDXNlYXJjaF9hcmllZ2VIDVgEaE2IAQGYAQ24AQrIAQXYAQHoAQH4AQOIAgGoAgO4ArDcgLcGwAIB0gIkMDY5Y2U0MmUtZmY1Yy00ODczLWI1YTItOGE1YjMwMjhkYTll2AIF4AIB&ucfs=1&arphpl=1&checkin=2024-04-02&checkout=2024-04-05&group_adults=2&req_adults=2&no_rooms=1&group_children=0&req_children=0&hpos=16&hapos=16&sr_order=popularity&srpvid=eaf051185d300929&srepoch=1725967921&from=searchresults,La Grange - 10 couchages,"
9 Le Barry, 09300 Carla-de-Roquefort, France
",9.3,35,Ariege
48,https://www.booking.com/hotel/fr/belle-occitane.fr.html?aid=304142&label=gen173nr-1FCAQoggJCDXNlYXJjaF9hcmllZ2VIDVgEaE2IAQGYAQ24AQrIAQXYAQHoAQH4AQOIAgGoAgO4ArDcgLcGwAIB0gIkMDY5Y2U0MmUtZmY1Yy00ODczLWI1YTItOGE1YjMwMjhkYTll2AIF4AIB&ucfs=1&arphpl=1&checkin=2024-04-02&checkout=2024-04-05&group_adults=2&req_adults=2&no_rooms=1&group_children=0&req_children=0&hpos=13&hapos=13&sr_order=popularity&srpvid=eaf051185d300929&srepoch=1725967921&from_sustainable_property_sr=1&from=searchresults,Chambres d'hôtes Belle Occitane,"
11 avenue François Laguerre, 09400 Tarascon-sur-Ariège, France
",9.2,548,Ariege
49,https://www.booking.com/hotel/fr/gite-de-charme-ganac.fr.html?aid=304142&label=gen173nr-1FCAQoggJCDXNlYXJjaF9hcmllZ2VIDVgEaE2IAQGYAQ24AQrIAQXYAQHoAQH4AQOIAgGoAgO4ArDcgLcGwAIB0gIkMDY5Y2U0MmUtZmY1Yy00ODczLWI1YTItOGE1YjMwMjhkYTll2AIF4AIB&ucfs=1&arphpl=1&checkin=2024-04-02&checkout=2024-04-05&group_adults=2&req_adults=2&no_rooms=1&group_children=0&req_children=0&hpos=15&hapos=15&sr_order=popularity&srpvid=eaf051185d300929&srepoch=1725967921&from=searchresults,Gite De Charme,"
Hameau de Micou, 09000 Ganac, France
",9.8,36,Ariege
50,https://www.booking.com/hotel/fr/relais-mira-peis.fr.html?aid=304142&label=gen173nr-1FCAQoggJCDXNlYXJjaF9hcmllZ2VIDVgEaE2IAQGYAQ24AQrIAQXYAQHoAQH4AQOIAgGoAgO4ArDcgLcGwAIB0gIkMDY5Y2U0MmUtZmY1Yy00ODczLWI1YTItOGE1YjMwMjhkYTll2AIF4AIB&ucfs=1&arphpl=1&checkin=2024-04-02&checkout=2024-04-05&group_adults=2&req_adults=2&no_rooms=1&group_children=0&req_children=0&hpos=18&hapos=18&sr_order=popularity&srpvid=eaf051185d300929&srepoch=1725967921&from_sustainable_property_sr=1&from=searchresults,Chambres d'hôtes Relais Mira Peis,"
8 Rue Maréchal Clauzel, 09500 Mirepoix, France
",9.0,140,Ariege
51,https://www.booking.com/hotel/fr/apartment-natik.fr.html?aid=304142&label=gen173nr-1FCAQoggJCDXNlYXJjaF9hcmllZ2VIDVgEaE2IAQGYAQ24AQrIAQXYAQHoAQH4AQOIAgGoAgO4ArDcgLcGwAIB0gIkMDY5Y2U0MmUtZmY1Yy00ODczLWI1YTItOGE1YjMwMjhkYTll2AIF4AIB&ucfs=1&arphpl=1&checkin=2024-04-02&checkout=2024-04-05&group_adults=2&req_adults=2&no_rooms=1&group_children=0&req_children=0&hpos=17&hapos=17&sr_order=popularity&srpvid=eaf051185d300929&srepoch=1725967921&from=searchresults,Apartment Natik,"
6 Rue Pilhes, 09110 Ax-les-Thermes, France
",9.0,22,Ariege
52,https://www.booking.com/hotel/fr/le-clos-fleuri-rimont.fr.html?aid=304142&label=gen173nr-1FCAQoggJCDXNlYXJjaF9hcmllZ2VIDVgEaE2IAQGYAQ24AQrIAQXYAQHoAQH4AQOIAgGoAgO4ArDcgLcGwAIB0gIkMDY5Y2U0MmUtZmY1Yy00ODczLWI1YTItOGE1YjMwMjhkYTll2AIF4AIB&ucfs=1&arphpl=1&checkin=2024-04-02&checkout=2024-04-05&group_adults=2&req_adults=2&no_rooms=1&group_children=0&req_children=0&hpos=19&hapos=19&sr_order=popularity&srpvid=eaf051185d300929&srepoch=1725967921&from=searchresults,Le Clos Fleuri,"
Hameau de Sucre, 09160 Caumont, France
",9.7,92,Ariege
53,https://www.booking.com/hotel/fr/home-cassis-maison-mediterrannee.fr.html?aid=304142&label=gen173nr-1FCAQoggJCDXNlYXJjaF9jYXNzaXNIDVgEaE2IAQGYAQ24AQrIAQXYAQHoAQH4AQOIAgGoAgO4ArDcgLcGwAIB0gIkNDhlYzdmNWEtYjc0Yi00ZTBhLWI3MWQtNDEwODc0NTBjMzc12AIF4AIB&ucfs=1&arphpl=1&checkin=2024-04-02&checkout=2024-04-05&group_adults=2&req_adults=2&no_rooms=1&group_children=0&req_children=0&hpos=1&hapos=1&sr_order=popularity&srpvid=3c7d511824830012&srepoch=1725967921&from=searchresults,Home Cassis - Maison Mediterranée - Piscine chauffée,"
6 Avenue Abbe Cabrol, 13260 Cassis, France
",8.2,267,Cassis
54,https://www.booking.com/hotel/fr/aiguade-appartement-d-exception-a-cassis.fr.html?aid=304142&label=gen173nr-1FCAQoggJCDXNlYXJjaF9jYXNzaXNIDVgEaE2IAQGYAQ24AQrIAQXYAQHoAQH4AQOIAgGoAgO4ArDcgLcGwAIB0gIkNDhlYzdmNWEtYjc0Yi00ZTBhLWI3MWQtNDEwODc0NTBjMzc12AIF4AIB&ucfs=1&arphpl=1&checkin=2024-04-02&checkout=2024-04-05&group_adults=2&req_adults=2&no_rooms=1&group_children=0&req_children=0&hpos=2&hapos=2&sr_order=popularity&srpvid=3c7d511824830012&srepoch=1725967921&from=searchresults,"L’Aiguade, appartement d'exception à Cassis","
12 Avenue de l'Amiral Ganteaume, 13260 Cassis, France
",9.7,18,Cassis
55,https://www.booking.com/hotel/fr/cassis-charmant-appart-en-face-de-la-plage.fr.html?aid=304142&label=gen173nr-1FCAQoggJCDXNlYXJjaF9jYXNzaXNIDVgEaE2IAQGYAQ24AQrIAQXYAQHoAQH4AQOIAgGoAgO4ArDcgLcGwAIB0gIkNDhlYzdmNWEtYjc0Yi00ZTBhLWI3MWQtNDEwODc0NTBjMzc12AIF4AIB&ucfs=1&arphpl=1&checkin=2024-04-02&checkout=2024-04-05&group_adults=2&req_adults=2&no_rooms=1&group_children=0&req_children=0&hpos=6&hapos=6&sr_order=popularity&srpvid=3c7d511824830012&srepoch=1725967921&from=searchresults,"Cassis, charmant appart en face de la plage.","
2 Place Montmorin, 13260 Cassis, France
",8.6,54,Cassis
56,https://www.booking.com/hotel/fr/villa-bobnell.fr.html?aid=304142&label=gen173nr-1FCAQoggJCDXNlYXJjaF9jYXNzaXNIDVgEaE2IAQGYAQ24AQrIAQXYAQHoAQH4AQOIAgGoAgO4ArDcgLcGwAIB0gIkNDhlYzdmNWEtYjc0Yi00ZTBhLWI3MWQtNDEwODc0NTBjMzc12AIF4AIB&ucfs=1&arphpl=1&checkin=2024-04-02&checkout=2024-04-05&group_adults=2&req_adults=2&no_rooms=1&group_children=0&req_children=0&hpos=5&hapos=5&sr_order=popularity&srpvid=3c7d511824830012&srepoch=1725967921&from=searchresults,Villa Bobnell,"
4 Impasse du 8 mai, 13260 Cassis, France
",9.4,84,Cassis
57,https://www.booking.com/hotel/fr/mistral-gagnant-cassis.fr.html?aid=304142&label=gen173nr-1FCAQoggJCDXNlYXJjaF9jYXNzaXNIDVgEaE2IAQGYAQ24AQrIAQXYAQHoAQH4AQOIAgGoAgO4ArDcgLcGwAIB0gIkNDhlYzdmNWEtYjc0Yi00ZTBhLWI3MWQtNDEwODc0NTBjMzc12AIF4AIB&ucfs=1&arphpl=1&checkin=2024-04-02&checkout=2024-04-05&group_adults=2&req_adults=2&no_rooms=1&group_children=0&req_children=0&hpos=3&hapos=3&sr_order=popularity&srpvid=3c7d511824830012&srepoch=1725967921&from=searchresults,Mistral gagnant - parking privé,"
25 Rue Frédéric Mistral, 13260 Cassis, France
",9.4,61,Cassis
58,https://www.booking.com/hotel/fr/magnifique-appartement-cassis-pres-du-port.fr.html?aid=304142&label=gen173nr-1FCAQoggJCDXNlYXJjaF9jYXNzaXNIDVgEaE2IAQGYAQ24AQrIAQXYAQHoAQH4AQOIAgGoAgO4ArDcgLcGwAIB0gIkNDhlYzdmNWEtYjc0Yi00ZTBhLWI3MWQtNDEwODc0NTBjMzc12AIF4AIB&ucfs=1&arphpl=1&checkin=2024-04-02&checkout=2024-04-05&group_adults=2&req_adults=2&no_rooms=1&group_children=0&req_children=0&hpos=4&hapos=4&sr_order=popularity&srpvid=3c7d511824830012&srepoch=1725967921&from_sustainable_property_sr=1&from=searchresults,"Magnifique Appartement à Cassis,Parking,2 pas du Port","
19 Avenue de la Viguerie, 13260 Cassis, France
",9.3,64,Cassis
59,https://www.booking.com/hotel/fr/studio-renove-avec-vue-magique.fr.html?aid=304142&label=gen173nr-1FCAQoggJCDXNlYXJjaF9jYXNzaXNIDVgEaE2IAQGYAQ24AQrIAQXYAQHoAQH4AQOIAgGoAgO4ArDcgLcGwAIB0gIkNDhlYzdmNWEtYjc0Yi00ZTBhLWI3MWQtNDEwODc0NTBjMzc12AIF4AIB&ucfs=1&arphpl=1&checkin=2024-04-02&checkout=2024-04-05&group_adults=2&req_adults=2&no_rooms=1&group_children=0&req_children=0&hpos=8&hapos=8&sr_order=popularity&srpvid=3c7d511824830012&srepoch=1725967921&from=searchresults,Studio rénové avec vue magique,"
132 Avenue des Carriers, 13260 Cassis, France
",6.7,12,Cassis
60,https://www.booking.com/hotel/fr/aquarius-in-cassis-chambres-d-hotes.fr.html?aid=304142&label=gen173nr-1FCAQoggJCDXNlYXJjaF9jYXNzaXNIDVgEaE2IAQGYAQ24AQrIAQXYAQHoAQH4AQOIAgGoAgO4ArDcgLcGwAIB0gIkNDhlYzdmNWEtYjc0Yi00ZTBhLWI3MWQtNDEwODc0NTBjMzc12AIF4AIB&ucfs=1&arphpl=1&checkin=2024-04-02&checkout=2024-04-05&group_adults=2&req_adults=2&no_rooms=1&group_children=0&req_children=0&hpos=7&hapos=7&sr_order=popularity&srpvid=3c7d511824830012&srepoch=1725967921&from_sustainable_property_sr=1&from=searchresults,"AQUARIUS IN CASSIS, Chambres d'Hôtes","
22 Impasse des Brayes, 13260 Cassis, France
",9.4,328,Cassis
61,https://www.booking.com/hotel/fr/du-grand-jardin.fr.html?aid=304142&label=gen173nr-1FCAQoggJCDXNlYXJjaF9jYXNzaXNIDVgEaE2IAQGYAQ24AQrIAQXYAQHoAQH4AQOIAgGoAgO4ArDcgLcGwAIB0gIkNDhlYzdmNWEtYjc0Yi00ZTBhLWI3MWQtNDEwODc0NTBjMzc12AIF4AIB&ucfs=1&arphpl=1&checkin=2024-04-02&checkout=2024-04-05&group_adults=2&req_adults=2&no_rooms=1&group_children=0&req_children=0&hpos=9&hapos=9&sr_order=popularity&srpvid=3c7d511824830012&srepoch=1725967921&from=searchresults,Best Western Hotel & SPA Coeur De Cassis,"
2, rue Pierre Eydin, 13260 Cassis, France
",8.4,1554,Cassis
62,https://www.booking.com/hotel/fr/le-clos-des-aromes-cassis.fr.html?aid=304142&label=gen173nr-1FCAQoggJCDXNlYXJjaF9jYXNzaXNIDVgEaE2IAQGYAQ24AQrIAQXYAQHoAQH4AQOIAgGoAgO4ArDcgLcGwAIB0gIkNDhlYzdmNWEtYjc0Yi00ZTBhLWI3MWQtNDEwODc0NTBjMzc12AIF4AIB&ucfs=1&arphpl=1&checkin=2024-04-02&checkout=2024-04-05&group_adults=2&req_adults=2&no_rooms=1&group_children=0&req_children=0&hpos=10&hapos=10&sr_order=popularity&srpvid=3c7d511824830012&srepoch=1725967921&from=searchresults,LE CLOS DES ARÔMES,"
10 Rue Abbé Paul Mouton, 13260 Cassis, France
",9.0,29,Cassis
63,https://www.booking.com/hotel/fr/home-cassis-maison-julou.fr.html?aid=304142&label=gen173nr-1FCAQoggJCDXNlYXJjaF9jYXNzaXNIDVgEaE2IAQGYAQ24AQrIAQXYAQHoAQH4AQOIAgGoAgO4ArDcgLcGwAIB0gIkNDhlYzdmNWEtYjc0Yi00ZTBhLWI3MWQtNDEwODc0NTBjMzc12AIF4AIB&ucfs=1&arphpl=1&checkin=2024-04-02&checkout=2024-04-05&group_adults=2&req_adults=2&no_rooms=1&group_children=0&req_children=0&hpos=11&hapos=11&sr_order=popularity&srpvid=3c7d511824830012&srepoch=1725967921&from_sustainable_property_sr=1&from=searchresults,Home Cassis - Maison Julou - Piscine chauffée,"
23 Avenue de la Marne, 13260 Cassis, France
",7.8,191,Cassis
64,https://www.booking.com/hotel/fr/la-rade-centre-ville-balcon-clim-neuf.fr.html?aid=304142&label=gen173nr-1FCAQoggJCDXNlYXJjaF9jYXNzaXNIDVgEaE2IAQGYAQ24AQrIAQXYAQHoAQH4AQOIAgGoAgO4ArDcgLcGwAIB0gIkNDhlYzdmNWEtYjc0Yi00ZTBhLWI3MWQtNDEwODc0NTBjMzc12AIF4AIB&ucfs=1&arphpl=1&checkin=2024-04-02&checkout=2024-04-05&group_adults=2&req_adults=2&no_rooms=1&group_children=0&req_children=0&hpos=14&hapos=14&sr_order=popularity&srpvid=3c7d511824830012&srepoch=1725967921&from=searchresults,LA RADE - Centre Ville - Balcon - Clim - Neuf,"
12 Avenue de l'Amiral Ganteaume, 13260 Cassis, France
",8.7,63,Cassis
65,https://www.booking.com/hotel/fr/studio-les-terres-marines-piscine-k6-amp-you.fr.html?aid=304142&label=gen173nr-1FCAQoggJCDXNlYXJjaF9jYXNzaXNIDVgEaE2IAQGYAQ24AQrIAQXYAQHoAQH4AQOIAgGoAgO4ArDcgLcGwAIB0gIkNDhlYzdmNWEtYjc0Yi00ZTBhLWI3MWQtNDEwODc0NTBjMzc12AIF4AIB&ucfs=1&arphpl=1&checkin=2024-04-02&checkout=2024-04-05&group_adults=2&req_adults=2&no_rooms=1&group_children=0&req_children=0&hpos=17&hapos=17&sr_order=popularity&srpvid=3c7d511824830012&srepoch=1725967921&from=searchresults,La Piscine K6&You,"
Avenue des Carriers, 13260 Cassis, France
",8.6,59,Cassis
66,https://www.booking.com/hotel/fr/le-vallat.fr.html?aid=304142&label=gen173nr-1FCAQoggJCDXNlYXJjaF9jYXNzaXNIDVgEaE2IAQGYAQ24AQrIAQXYAQHoAQH4AQOIAgGoAgO4ArDcgLcGwAIB0gIkNDhlYzdmNWEtYjc0Yi00ZTBhLWI3MWQtNDEwODc0NTBjMzc12AIF4AIB&ucfs=1&arphpl=1&checkin=2024-04-02&checkout=2024-04-05&group_adults=2&req_adults=2&no_rooms=1&group_children=0&req_children=0&hpos=15&hapos=15&sr_order=popularity&srpvid=3c7d511824830012&srepoch=1725967921&from_sustainable_property_sr=1&from=searchresults,Le Vallat vue mer cassis terrasse privative spa jacuzzi barbecue calanques,"
Résidence Les Brayes avenue Jean-Jacques  Vernazza Immeuble La Chaconne 2A , 13260 Cassis, France
",9.4,36,Cassis
67,https://www.booking.com/hotel/fr/charmant-studio-cassis.fr.html?aid=304142&label=gen173nr-1FCAQoggJCDXNlYXJjaF9jYXNzaXNIDVgEaE2IAQGYAQ24AQrIAQXYAQHoAQH4AQOIAgGoAgO4ArDcgLcGwAIB0gIkNDhlYzdmNWEtYjc0Yi00ZTBhLWI3MWQtNDEwODc0NTBjMzc12AIF4AIB&ucfs=1&arphpl=1&checkin=2024-04-02&checkout=2024-04-05&group_adults=2&req_adults=2&no_rooms=1&group_children=0&req_children=0&hpos=19&hapos=19&sr_order=popularity&srpvid=3c7d511824830012&srepoch=1725967921&from=searchresults,charmant studio,"
25 Rue de la Ciotat, 13260 Cassis, France
",8.3,39,Cassis
68,https://www.booking.com/hotel/fr/des-calanques.fr.html?aid=304142&label=gen173nr-1FCAQoggJCDXNlYXJjaF9jYXNzaXNIDVgEaE2IAQGYAQ24AQrIAQXYAQHoAQH4AQOIAgGoAgO4ArDcgLcGwAIB0gIkNDhlYzdmNWEtYjc0Yi00ZTBhLWI3MWQtNDEwODc0NTBjMzc12AIF4AIB&ucfs=1&arphpl=1&checkin=2024-04-02&checkout=2024-04-05&group_adults=2&req_adults=2&no_rooms=1&group_children=0&req_children=0&hpos=18&hapos=18&sr_order=popularity&srpvid=3c7d511824830012&srepoch=1725967921&from=searchresults,HOTEL DES CALANQUES,"
8 Rue de l'Arène, 13260 Cassis, France
",7.1,1029,Cassis
69,https://www.booking.com/hotel/fr/le-golfe-cassis.fr.html?aid=304142&label=gen173nr-1FCAQoggJCDXNlYXJjaF9jYXNzaXNIDVgEaE2IAQGYAQ24AQrIAQXYAQHoAQH4AQOIAgGoAgO4ArDcgLcGwAIB0gIkNDhlYzdmNWEtYjc0Yi00ZTBhLWI3MWQtNDEwODc0NTBjMzc12AIF4AIB&ucfs=1&arphpl=1&checkin=2024-04-02&checkout=2024-04-05&group_adults=2&req_adults=2&no_rooms=1&group_children=0&req_children=0&hpos=13&hapos=13&sr_order=popularity&srpvid=3c7d511824830012&srepoch=1725967921&from=searchresults,Hotel Le Golfe,"
3, Place Grand Carnot, 13260 Cassis, France
",8.1,2036,Cassis
70,https://www.booking.com/hotel/fr/la-jovine-sur-les-hauteurs-de-cassis-t2-55m2.fr.html?aid=304142&label=gen173nr-1FCAQoggJCDXNlYXJjaF9jYXNzaXNIDVgEaE2IAQGYAQ24AQrIAQXYAQHoAQH4AQOIAgGoAgO4ArDcgLcGwAIB0gIkNDhlYzdmNWEtYjc0Yi00ZTBhLWI3MWQtNDEwODc0NTBjMzc12AIF4AIB&ucfs=1&arphpl=1&checkin=2024-04-02&checkout=2024-04-05&group_adults=2&req_adults=2&no_rooms=1&group_children=0&req_children=0&hpos=12&hapos=12&sr_order=popularity&srpvid=3c7d511824830012&srepoch=1725967921&from=searchresults,La Jovine Sur les hauteurs de cassis ( T2 55m²),"
26 Avenue du Maréchal Foch, 13260 Cassis, France
",8.6,67,Cassis
71,https://www.booking.com/hotel/fr/interhotel-cassitel.fr.html?aid=304142&label=gen173nr-1FCAQoggJCDXNlYXJjaF9jYXNzaXNIDVgEaE2IAQGYAQ24AQrIAQXYAQHoAQH4AQOIAgGoAgO4ArDcgLcGwAIB0gIkNDhlYzdmNWEtYjc0Yi00ZTBhLWI3MWQtNDEwODc0NTBjMzc12AIF4AIB&ucfs=1&arphpl=1&checkin=2024-04-02&checkout=2024-04-05&group_adults=2&req_adults=2&no_rooms=1&group_children=0&req_children=0&hpos=16&hapos=16&sr_order=popularity&srpvid=3c7d511824830012&srepoch=1725967921&from=searchresults,"The Originals Boutique, Hôtel Cassitel, Cassis","
Place Clémenceau, 13260 Cassis, France
",7.7,1393,Cassis
72,https://www.booking.com/hotel/fr/hermes.fr.html?aid=304142&label=gen173nr-1FCAQoggJCEHNlYXJjaF9tYXJzZWlsbGVIDVgEaE2IAQGYAQ24AQrIAQXYAQHoAQH4AQOIAgGoAgO4ArDcgLcGwAIB0gIkZDNmOTNjZWEtZmE3Ni00Y2U2LTllOTUtMWJlNjRiODRhZDUw2AIF4AIB&ucfs=1&arphpl=1&checkin=2024-04-02&checkout=2024-04-05&group_adults=2&req_adults=2&no_rooms=1&group_children=0&req_children=0&hpos=1&hapos=1&sr_order=popularity&srpvid=a9135118bff80354&srepoch=1725967921&from=searchresults,Hôtel Hermès,"
2 rue Bonneterie, 13002 Marseille, France
",8.2,2134,Marseille
73,https://www.booking.com/hotel/fr/le-pan-yay.fr.html?aid=304142&label=gen173nr-1FCAQoggJCEHNlYXJjaF9tYXJzZWlsbGVIDVgEaE2IAQGYAQ24AQrIAQXYAQHoAQH4AQOIAgGoAgO4ArDcgLcGwAIB0gIkZDNmOTNjZWEtZmE3Ni00Y2U2LTllOTUtMWJlNjRiODRhZDUw2AIF4AIB&ucfs=1&arphpl=1&checkin=2024-04-02&checkout=2024-04-05&group_adults=2&req_adults=2&no_rooms=1&group_children=0&req_children=0&hpos=5&hapos=5&sr_order=popularity&srpvid=a9135118bff80354&srepoch=1725967921&from=searchresults,~{Le Pan’yay}~,"
26 Montée des Accoules, 13002 Marseille, France
",9.4,33,Marseille
74,https://www.booking.com/hotel/fr/appart-city-marseille-euromed.fr.html?aid=304142&label=gen173nr-1FCAQoggJCEHNlYXJjaF9tYXJzZWlsbGVIDVgEaE2IAQGYAQ24AQrIAQXYAQHoAQH4AQOIAgGoAgO4ArDcgLcGwAIB0gIkZDNmOTNjZWEtZmE3Ni00Y2U2LTllOTUtMWJlNjRiODRhZDUw2AIF4AIB&ucfs=1&arphpl=1&checkin=2024-04-02&checkout=2024-04-05&group_adults=2&req_adults=2&no_rooms=1&group_children=0&req_children=0&hpos=2&hapos=2&sr_order=popularity&srpvid=a9135118bff80354&srepoch=1725967921&from_sustainable_property_sr=1&from=searchresults,Appart'City Classic Marseille Euromed,"
118-120 rue de Ruffi, 13002 Marseille, France
",7.3,456,Marseille
75,https://www.booking.com/hotel/fr/studio-no-6-cathedrale-vieux-port-cosy-design.fr.html?aid=304142&label=gen173nr-1FCAQoggJCEHNlYXJjaF9tYXJzZWlsbGVIDVgEaE2IAQGYAQ24AQrIAQXYAQHoAQH4AQOIAgGoAgO4ArDcgLcGwAIB0gIkZDNmOTNjZWEtZmE3Ni00Y2U2LTllOTUtMWJlNjRiODRhZDUw2AIF4AIB&ucfs=1&arphpl=1&checkin=2024-04-02&checkout=2024-04-05&group_adults=2&req_adults=2&no_rooms=1&group_children=0&req_children=0&hpos=7&hapos=7&sr_order=popularity&srpvid=a9135118bff80354&srepoch=1725967921&from=searchresults,Studio Cathédrale Vieux-Port - Mucem - Vieille Charité,"
2e étage DROITE 6 Rue de la Cathédrale, 13002 Marseille, France
",8.0,91,Marseille
76,https://www.booking.com/hotel/fr/ibis-marseille-prado-velodrome.fr.html?aid=304142&label=gen173nr-1FCAQoggJCEHNlYXJjaF9tYXJzZWlsbGVIDVgEaE2IAQGYAQ24AQrIAQXYAQHoAQH4AQOIAgGoAgO4ArDcgLcGwAIB0gIkZDNmOTNjZWEtZmE3Ni00Y2U2LTllOTUtMWJlNjRiODRhZDUw2AIF4AIB&ucfs=1&arphpl=1&checkin=2024-04-02&checkout=2024-04-05&group_adults=2&req_adults=2&no_rooms=1&group_children=0&req_children=0&hpos=8&hapos=8&sr_order=popularity&srpvid=a9135118bff80354&srepoch=1725967921&from=searchresults,B&B HOTEL Marseille Prado Parc des Expositions,"
6 Rue de Cassis, 13008 Marseille, France
",7.4,2898,Marseille
77,https://www.booking.com/hotel/fr/paradise-eart-amp-sea.fr.html?aid=304142&label=gen173nr-1FCAQoggJCEHNlYXJjaF9tYXJzZWlsbGVIDVgEaE2IAQGYAQ24AQrIAQXYAQHoAQH4AQOIAgGoAgO4ArDcgLcGwAIB0gIkZDNmOTNjZWEtZmE3Ni00Y2U2LTllOTUtMWJlNjRiODRhZDUw2AIF4AIB&ucfs=1&arphpl=1&checkin=2024-04-02&checkout=2024-04-05&group_adults=2&req_adults=2&no_rooms=1&group_children=0&req_children=0&hpos=9&hapos=9&sr_order=popularity&srpvid=a9135118bff80354&srepoch=1725967921&from_sustainable_property_sr=1&from=searchresults,PARADISE Earth & Sea,"
32 Rue Paradis, 13001 Marseille, France
",8.6,643,Marseille
78,https://www.booking.com/hotel/fr/etap-marseille-vieux-port.fr.html?aid=304142&label=gen173nr-1FCAQoggJCEHNlYXJjaF9tYXJzZWlsbGVIDVgEaE2IAQGYAQ24AQrIAQXYAQHoAQH4AQOIAgGoAgO4ArDcgLcGwAIB0gIkZDNmOTNjZWEtZmE3Ni00Y2U2LTllOTUtMWJlNjRiODRhZDUw2AIF4AIB&ucfs=1&arphpl=1&checkin=2024-04-02&checkout=2024-04-05&group_adults=2&req_adults=2&no_rooms=1&group_children=0&req_children=0&hpos=10&hapos=10&sr_order=popularity&srpvid=a9135118bff80354&srepoch=1725967921&from_sustainable_property_sr=1&from=searchresults,ibis budget Marseille Vieux Port,"
46 Rue Sainte, 13001 Marseille, France
",7.4,4153,Marseille
79,https://www.booking.com/hotel/fr/residence-provence.fr.html?aid=304142&label=gen173nr-1FCAQoggJCEHNlYXJjaF9tYXJzZWlsbGVIDVgEaE2IAQGYAQ24AQrIAQXYAQHoAQH4AQOIAgGoAgO4ArDcgLcGwAIB0gIkZDNmOTNjZWEtZmE3Ni00Y2U2LTllOTUtMWJlNjRiODRhZDUw2AIF4AIB&ucfs=1&arphpl=1&checkin=2024-04-02&checkout=2024-04-05&group_adults=2&req_adults=2&no_rooms=1&group_children=0&req_children=0&hpos=12&hapos=12&sr_order=popularity&srpvid=a9135118bff80354&srepoch=1725967921&from=searchresults,Résidence Provence,"
119/121, Boulevard National, Belle de Mai - Saint-Lazare, 13003 Marseille, France
",7.4,167,Marseille
80,https://www.booking.com/hotel/fr/la-pitcholine-superbe-studio-au-vieux-port.fr.html?aid=304142&label=gen173nr-1FCAQoggJCEHNlYXJjaF9tYXJzZWlsbGVIDVgEaE2IAQGYAQ24AQrIAQXYAQHoAQH4AQOIAgGoAgO4ArDcgLcGwAIB0gIkZDNmOTNjZWEtZmE3Ni00Y2U2LTllOTUtMWJlNjRiODRhZDUw2AIF4AIB&ucfs=1&arphpl=1&checkin=2024-04-02&checkout=2024-04-05&group_adults=2&req_adults=2&no_rooms=1&group_children=0&req_children=0&hpos=15&hapos=15&sr_order=popularity&srpvid=a9135118bff80354&srepoch=1725967921&from_sustainable_property_sr=1&from=searchresults,La Pitcholine : Superbe studio au Vieux-Port,"
11 Rue Neuve Sainte-Catherine, 13007 Marseille, France
",9.5,73,Marseille
81,https://www.booking.com/hotel/fr/alize.fr.html?aid=304142&label=gen173nr-1FCAQoggJCEHNlYXJjaF9tYXJzZWlsbGVIDVgEaE2IAQGYAQ24AQrIAQXYAQHoAQH4AQOIAgGoAgO4ArDcgLcGwAIB0gIkZDNmOTNjZWEtZmE3Ni00Y2U2LTllOTUtMWJlNjRiODRhZDUw2AIF4AIB&ucfs=1&arphpl=1&checkin=2024-04-02&checkout=2024-04-05&group_adults=2&req_adults=2&no_rooms=1&group_children=0&req_children=0&hpos=11&hapos=11&sr_order=popularity&srpvid=a9135118bff80354&srepoch=1725967921&from_sustainable_property_sr=1&from=searchresults,Hôtel Life Marseille VP - Vieux Port,"
35 Quai Des Belges, 13001 Marseille, France
",8.4,2958,Marseille
82,https://www.booking.com/hotel/fr/all-seasons-marseilletimone.fr.html?aid=304142&label=gen173nr-1FCAQoggJCEHNlYXJjaF9tYXJzZWlsbGVIDVgEaE2IAQGYAQ24AQrIAQXYAQHoAQH4AQOIAgGoAgO4ArDcgLcGwAIB0gIkZDNmOTNjZWEtZmE3Ni00Y2U2LTllOTUtMWJlNjRiODRhZDUw2AIF4AIB&ucfs=1&arphpl=1&checkin=2024-04-02&checkout=2024-04-05&group_adults=2&req_adults=2&no_rooms=1&group_children=0&req_children=0&hpos=16&hapos=16&sr_order=popularity&srpvid=a9135118bff80354&srepoch=1725967921&from=searchresults,B&B HOTEL Marseille Centre La Timone,"
1-3 Chemin De l'Armée d'Afrique, Saint-Pierre, 13005 Marseille, France
",8.0,1967,Marseille
83,https://www.booking.com/hotel/fr/vieux-port-view-ultra-center-air-conditioning.fr.html?aid=304142&label=gen173nr-1FCAQoggJCEHNlYXJjaF9tYXJzZWlsbGVIDVgEaE2IAQGYAQ24AQrIAQXYAQHoAQH4AQOIAgGoAgO4ArDcgLcGwAIB0gIkZDNmOTNjZWEtZmE3Ni00Y2U2LTllOTUtMWJlNjRiODRhZDUw2AIF4AIB&ucfs=1&arphpl=1&checkin=2024-04-02&checkout=2024-04-05&group_adults=2&req_adults=2&no_rooms=1&group_children=0&req_children=0&hpos=14&hapos=14&sr_order=popularity&srpvid=a9135118bff80354&srepoch=1725967921&from=searchresults,Vieux-Port view - Ultra center - Air conditioning - Les Frères de la Loc',"
3ème étage 1 Rue Fortia, 13001 Marseille, France
",9.5,2,Marseille
84,https://www.booking.com/hotel/fr/studio-plage-des-catalans-pharo.fr.html?aid=304142&label=gen173nr-1FCAQoggJCEHNlYXJjaF9tYXJzZWlsbGVIDVgEaE2IAQGYAQ24AQrIAQXYAQHoAQH4AQOIAgGoAgO4ArDcgLcGwAIB0gIkZDNmOTNjZWEtZmE3Ni00Y2U2LTllOTUtMWJlNjRiODRhZDUw2AIF4AIB&ucfs=1&arphpl=1&checkin=2024-04-02&checkout=2024-04-05&group_adults=2&req_adults=2&no_rooms=1&group_children=0&req_children=0&hpos=17&hapos=17&sr_order=popularity&srpvid=a9135118bff80354&srepoch=1725967921&from=searchresults,Studio Design Plage des Catalans,"
47 Rue de Suez, 13007 Marseille, France
",8.9,126,Marseille
85,https://www.booking.com/hotel/fr/la-french-casa-noailles.fr.html?aid=304142&label=gen173nr-1FCAQoggJCEHNlYXJjaF9tYXJzZWlsbGVIDVgEaE2IAQGYAQ24AQrIAQXYAQHoAQH4AQOIAgGoAgO4ArDcgLcGwAIB0gIkZDNmOTNjZWEtZmE3Ni00Y2U2LTllOTUtMWJlNjRiODRhZDUw2AIF4AIB&ucfs=1&arphpl=1&checkin=2024-04-02&checkout=2024-04-05&group_adults=2&req_adults=2&no_rooms=1&group_children=0&req_children=0&hpos=18&hapos=18&sr_order=popularity&srpvid=a9135118bff80354&srepoch=1725967921&from=searchresults,LaFrenchCasa Noailles,"
6 Rue des Feuillants, 13001 Marseille, France
",7.4,647,Marseille
86,https://www.booking.com/hotel/fr/hotelkyrivieuxmarseille.fr.html?aid=304142&label=gen173nr-1FCAQoggJCEHNlYXJjaF9tYXJzZWlsbGVIDVgEaE2IAQGYAQ24AQrIAQXYAQHoAQH4AQOIAgGoAgO4ArDcgLcGwAIB0gIkZDNmOTNjZWEtZmE3Ni00Y2U2LTllOTUtMWJlNjRiODRhZDUw2AIF4AIB&ucfs=1&arphpl=1&checkin=2024-04-02&checkout=2024-04-05&group_adults=2&req_adults=2&no_rooms=1&group_children=0&req_children=0&hpos=13&hapos=13&sr_order=popularity&srpvid=a9135118bff80354&srepoch=1725967921&from_sustainable_property_sr=1&from=searchresults,Hôtel Carré Vieux Port,"
6, Rue Beauvau, 13001 Marseille, France
",8.0,2672,Marseille
87,https://www.booking.com/hotel/fr/homely-place-near-vieux-port.fr.html?aid=304142&label=gen173nr-1FCAQoggJCEHNlYXJjaF9tYXJzZWlsbGVIDVgEaE2IAQGYAQ24AQrIAQXYAQHoAQH4AQOIAgGoAgO4ArDcgLcGwAIB0gIkZDNmOTNjZWEtZmE3Ni00Y2U2LTllOTUtMWJlNjRiODRhZDUw2AIF4AIB&ucfs=1&arphpl=1&checkin=2024-04-02&checkout=2024-04-05&group_adults=2&req_adults=2&no_rooms=1&group_children=0&req_children=0&hpos=19&hapos=19&sr_order=popularity&srpvid=a9135118bff80354&srepoch=1725967921&from=searchresults,Homely place near Vieux Port,"
9 rue de Bir-Hakeim, 13001 Marseille, France
",8.1,161,Marseille
